,actor,character,min_year,max_year,episodes,wiki
0,Johnny Galecki,Leonard,2006,2019,279,"<a href=""https://fr.wikipedia.org/wiki/Johnny_Galecki"">wikipedia Johnny Galecki</a>"
1,Jim Parsons,Sheldon,2006,2019,279,"<a href=""https://fr.wikipedia.org/wiki/Jim_Parsons"">wikipedia Jim Parsons</a>"
2,Kaley Cuoco,Penny,2007,2019,278,"<a href=""https://fr.wikipedia.org/wiki/Kaley_Cuoco"">wikipedia Kaley Cuoco</a>"
3,Simon Helberg,Howard,2007,2019,279,"<a href=""https://fr.wikipedia.org/wiki/Simon_Helberg"">wikipedia Simon Helberg</a>"
4,Kunal Nayyar,Raj,2007,2019,279,"<a href=""https://fr.wikipedia.org/wiki/Kunal_Nayyar"">wikipedia Kunal Nayyar</a>"
5,Melissa Rauch,Bernadette,2009,2019,209,"<a href=""https://fr.wikipedia.org/wiki/Melissa_Rauch"">wikipedia Melissa Rauch</a>"
6,Mayim Bialik,Amy,2010,2019,203,"<a href=""https://fr.wikipedia.org/wiki/Mayim_Bialik"">wikipedia Mayim Bialik</a>"
7,Kevin Sussman,Stuart,2009,2019,84,"<a href=""https://fr.wikipedia.org/wiki/Kevin_Sussman"">wikipedia Kevin Sussman</a>"
8,Carol Ann Susi,Debbie,2007,2017,39,"<a href=""https://fr.wikipedia.org/wiki/Carol_Ann_Susi"">wikipedia Carol Ann Susi</a>"
9,John Ross Bowie,Barry,2009,2019,25,"<a href=""https://fr.wikipedia.org/wiki/John_Ross_Bowie"">wikipedia John Ross Bowie</a>"
10,Laura Spencer,Emily,2014,2017,17,"<a href=""https://fr.wikipedia.org/wiki/Laura_Spencer"">wikipedia Laura Spencer</a>"
11,Wil Wheaton,Wil,2009,2019,17,"<a href=""https://fr.wikipedia.org/wiki/Wil_Wheaton"">wikipedia Wil Wheaton</a>"
12,Brian George,Dr.V.M.,2007,2019,16,"<a href=""https://fr.wikipedia.org/wiki/Brian_George"">wikipedia Brian George</a>"
13,Christine Baranski,Dr.Beverly,2009,2019,16,"<a href=""https://fr.wikipedia.org/wiki/Christine_Baranski"">wikipedia Christine Baranski</a>"
14,Brian Posehn,Bert,2013,2019,15,"<a href=""https://fr.wikipedia.org/wiki/Brian_Posehn"">wikipedia Brian Posehn</a>"
15,Laurie Metcalf,Mary,2007,2018,14,"<a href=""https://fr.wikipedia.org/wiki/Laurie_Metcalf"">wikipedia Laurie Metcalf</a>"
16,Joshua Malina,President,2011,2019,13,"<a href=""https://fr.wikipedia.org/wiki/Joshua_Malina"">wikipedia Joshua Malina</a>"
17,Aarti Mann,Priya,2010,2011,12,"<a href=""https://fr.wikipedia.org/wiki/Aarti_Mann"">wikipedia Aarti Mann</a>"
18,Ian Scott Rudolph,Captain,2009,2014,1,"<a href=""https://fr.wikipedia.org/wiki/Ian_Scott_Rudolph"">wikipedia Ian Scott Rudolph</a>"
19,Brian Thomas Smith,Zack,2010,2019,11,"<a href=""https://fr.wikipedia.org/wiki/Brian_Thomas_Smith"">wikipedia Brian Thomas Smith</a>"
20,Alice Amter,Mrs.Koothrappali,2007,2015,10,"<a href=""https://fr.wikipedia.org/wiki/Alice_Amter"">wikipedia Alice Amter</a>"
21,Pamela Adlon,Halley,2016,2019,10,"<a href=""https://fr.wikipedia.org/wiki/Pamela_Adlon"">wikipedia Pamela Adlon</a>"
22,Sara Gilbert,Leslie,2007,2016,9,"<a href=""https://fr.wikipedia.org/wiki/Sara_Gilbert"">wikipedia Sara Gilbert</a>"
23,Rati Gupta,Anu,2018,2019,9,"<a href=""https://fr.wikipedia.org/wiki/Rati_Gupta"">wikipedia Rati Gupta</a>"
24,Kate Micucci,Lucy,2013,2017,8,"<a href=""https://fr.wikipedia.org/wiki/Kate_Micucci"">wikipedia Kate Micucci</a>"
25,Lauren Lapkus,Denise,2018,2019,8,"<a href=""https://fr.wikipedia.org/wiki/Lauren_Lapkus"">wikipedia Lauren Lapkus</a>"
26,Stephen Hawking,Stephen,2012,2017,7,"<a href=""https://fr.wikipedia.org/wiki/Stephen_Hawking"">wikipedia Stephen Hawking</a>"
27,Regina King,Janine,2013,2019,6,"<a href=""https://fr.wikipedia.org/wiki/Regina_King"">wikipedia Regina King</a>"
28,Bob Newhart,Arthur,2013,2018,6,"<a href=""https://fr.wikipedia.org/wiki/Bob_Newhart"">wikipedia Bob Newhart</a>"
29,Casey Sander,Mike,2012,2015,6,"<a href=""https://fr.wikipedia.org/wiki/Casey_Sander"">wikipedia Casey Sander</a>"
30,Dean Norris,Colonel,2016,2017,6,"<a href=""https://fr.wikipedia.org/wiki/Dean_Norris"">wikipedia Dean Norris</a>"
31,Michael Massimino,Mike,2012,2014,6,"<a href=""https://fr.wikipedia.org/wiki/Michael_Massimino"">wikipedia Michael Massimino</a>"
32,Vernee Watson,Althea,2006,2016,5,"<a href=""https://fr.wikipedia.org/wiki/Vernee_Watson"">wikipedia Vernee Watson</a>"
33,Mark Harelik,Dr.Eric,2007,2008,5,"<a href=""https://fr.wikipedia.org/wiki/Mark_Harelik"">wikipedia Mark Harelik</a>"
34,Keith Carradine,Wyatt,2010,2019,5,"<a href=""https://fr.wikipedia.org/wiki/Keith_Carradine"">wikipedia Keith Carradine</a>"
35,Alessandra Torresani,Claire,2016,2017,5,"<a href=""https://fr.wikipedia.org/wiki/Alessandra_Torresani"">wikipedia Alessandra Torresani</a>"
36,Pasha D. Lychnikoff,Dimitri,2012,2012,5,"<a href=""https://fr.wikipedia.org/wiki/Pasha_D._Lychnikoff"">wikipedia Pasha D. Lychnikoff</a>"
37,Ed Lieberman,Announcer,2010,2018,5,"<a href=""https://fr.wikipedia.org/wiki/Ed_Lieberman"">wikipedia Ed Lieberman</a>"
38,Robert Clotworthy,Announcer,2008,2015,4,"<a href=""https://fr.wikipedia.org/wiki/Robert_Clotworthy"">wikipedia Robert Clotworthy</a>"
39,Margo Harshman,Alex,2012,2013,4,"<a href=""https://fr.wikipedia.org/wiki/Margo_Harshman"">wikipedia Margo Harshman</a>"
40,Sara Rue,Dr.Stephanie,2008,2008,3,"<a href=""https://fr.wikipedia.org/wiki/Sara_Rue"">wikipedia Sara Rue</a>"
41,Brian Patrick Wade,Kurt,2007,2009,3,"<a href=""https://fr.wikipedia.org/wiki/Brian_Patrick_Wade"">wikipedia Brian Patrick Wade</a>"
42,LeVar Burton,LeVar,2011,2014,3,"<a href=""https://fr.wikipedia.org/wiki/LeVar_Burton"">wikipedia LeVar Burton</a>"
43,Stephen Merchant,Dave,2015,2015,3,"<a href=""https://fr.wikipedia.org/wiki/Stephen_Merchant"">wikipedia Stephen Merchant</a>"
44,Riki Lindhome,Ramona,2008,2017,3,"<a href=""https://fr.wikipedia.org/wiki/Riki_Lindhome"">wikipedia Riki Lindhome</a>"
45,Kathy Bates,Mrs.Fowler,2018,2018,3,"<a href=""https://fr.wikipedia.org/wiki/Kathy_Bates"">wikipedia Kathy Bates</a>"
46,Kimberly Brooks,Computer,2007,2017,3,"<a href=""https://fr.wikipedia.org/wiki/Kimberly_Brooks"">wikipedia Kimberly Brooks</a>"
47,Ira Flatow,Ira,2009,2017,3,"<a href=""https://fr.wikipedia.org/wiki/Ira_Flatow"">wikipedia Ira Flatow</a>"
48,Swati Kapila,Ruchi,2017,2017,3,"<a href=""https://fr.wikipedia.org/wiki/Swati_Kapila"">wikipedia Swati Kapila</a>"
49,Marcus Folmar,Guard,2010,2016,3,"<a href=""https://fr.wikipedia.org/wiki/Marcus_Folmar"">wikipedia Marcus Folmar</a>"
50,Jerry O'Connell,George,2018,2018,3,"<a href=""https://fr.wikipedia.org/wiki/Jerry_O'Connell"">wikipedia Jerry O'Connell</a>"
51,Kal Penn,Dr.Kevin,2019,2019,3,"<a href=""https://fr.wikipedia.org/wiki/Kal_Penn"">wikipedia Kal Penn</a>"
52,Teller,Larry,2018,2018,3,"<a href=""https://fr.wikipedia.org/wiki/Teller"">wikipedia Teller</a>"
53,Sean Astin,Dr.Greg,2019,2019,3,"<a href=""https://fr.wikipedia.org/wiki/Sean_Astin"">wikipedia Sean Astin</a>"
54,James Hong,Chen,2007,2008,2,"<a href=""https://fr.wikipedia.org/wiki/James_Hong"">wikipedia James Hong</a>"
55,Erin Allin O'Reilly,Cheryl,2007,2008,2,"<a href=""https://fr.wikipedia.org/wiki/Erin_Allin_O'Reilly"">wikipedia Erin Allin O'Reilly</a>"
56,Lio Tipton,Analeigh,2008,2015,2,"<a href=""https://fr.wikipedia.org/wiki/Lio_Tipton"">wikipedia Lio Tipton</a>"
57,Molly Morgan,Bethany,2009,2015,2,"<a href=""https://fr.wikipedia.org/wiki/Molly_Morgan"">wikipedia Molly Morgan</a>"
58,Neil deGrasse Tyson,Neil,2010,2018,2,"<a href=""https://fr.wikipedia.org/wiki/Neil_deGrasse_Tyson"">wikipedia Neil deGrasse Tyson</a>"
59,Katee Sackhoff,Katee,2009,2010,2,"<a href=""https://fr.wikipedia.org/wiki/Katee_Sackhoff"">wikipedia Katee Sackhoff</a>"
60,Elena Campbell-Martinez,Maria,2008,2015,2,"<a href=""https://fr.wikipedia.org/wiki/Elena_Campbell-Martinez"">wikipedia Elena Campbell-Martinez</a>"
61,David Trice,Waiter,2010,2013,2,"<a href=""https://fr.wikipedia.org/wiki/David_Trice"">wikipedia David Trice</a>"
62,Kevin Brief,Glen,2010,2012,2,"<a href=""https://fr.wikipedia.org/wiki/Kevin_Brief"">wikipedia Kevin Brief</a>"
63,Lance Barber,George,2011,2018,2,"<a href=""https://fr.wikipedia.org/wiki/Lance_Barber"">wikipedia Lance Barber</a>"
64,Dakin Matthews,Santa,2012,2014,2,"<a href=""https://fr.wikipedia.org/wiki/Dakin_Matthews"">wikipedia Dakin Matthews</a>"
65,Stephen Root,Dan,2014,2014,2,"<a href=""https://fr.wikipedia.org/wiki/Stephen_Root"">wikipedia Stephen Root</a>"
66,Katie Leclerc,Emily,2011,2017,2,"<a href=""https://fr.wikipedia.org/wiki/Katie_Leclerc"">wikipedia Katie Leclerc</a>"
67,Josh Brener,Dale,2011,2013,2,"<a href=""https://fr.wikipedia.org/wiki/Josh_Brener"">wikipedia Josh Brener</a>"
68,Bill Nye,Bill,2013,2018,2,"<a href=""https://fr.wikipedia.org/wiki/Bill_Nye"">wikipedia Bill Nye</a>"
69,Jim Meskimen,Doctor,2015,2015,2,"<a href=""https://fr.wikipedia.org/wiki/Jim_Meskimen"">wikipedia Jim Meskimen</a>"
70,Michelle Arthur,Mrs.Petrescu,2016,2018,2,"<a href=""https://fr.wikipedia.org/wiki/Michelle_Arthur"">wikipedia Michelle Arthur</a>"
71,Annie O'Donnell,Mrs.Fowler,2010,2014,2,"<a href=""https://fr.wikipedia.org/wiki/Annie_O'Donnell"">wikipedia Annie O'Donnell</a>"
72,Caleb Pierce,Jess,2018,2019,2,"<a href=""https://fr.wikipedia.org/wiki/Caleb_Pierce"">wikipedia Caleb Pierce</a>"
73,George Smoot,Dr.George,2009,2019,2,"<a href=""https://fr.wikipedia.org/wiki/George_Smoot"">wikipedia George Smoot</a>"
74,Alex Ball,Waiter,2013,2014,2,"<a href=""https://fr.wikipedia.org/wiki/Alex_Ball"">wikipedia Alex Ball</a>"
75,Kevin Smith,Kevin,2015,2019,2,"<a href=""https://fr.wikipedia.org/wiki/Kevin_Smith"">wikipedia Kevin Smith</a>"
76,Judd Hirsch,Dr.Alfred,2016,2016,2,"<a href=""https://fr.wikipedia.org/wiki/Judd_Hirsch"">wikipedia Judd Hirsch</a>"
77,David Theune,Dr.Graybel,2018,2019,2,"<a href=""https://fr.wikipedia.org/wiki/David_Theune"">wikipedia David Theune</a>"
78,Lindsey Kraft,Marissa,2019,2019,2,"<a href=""https://fr.wikipedia.org/wiki/Lindsey_Kraft"">wikipedia Lindsey Kraft</a>"
79,Courtney Henggeler,Missy,2008,2018,2,"<a href=""https://fr.wikipedia.org/wiki/Courtney_Henggeler"">wikipedia Courtney Henggeler</a>"
80,Chasty Ballesteros,Karen,2019,2019,2,"<a href=""https://fr.wikipedia.org/wiki/Chasty_Ballesteros"">wikipedia Chasty Ballesteros</a>"
81,Ellen DeGeneres,Ellen,2016,2019,1,"<a href=""https://fr.wikipedia.org/wiki/Ellen_DeGeneres"">wikipedia Ellen DeGeneres</a>"
82,April Bowlby,Rebecca,2015,2017,2,"<a href=""https://fr.wikipedia.org/wiki/April_Bowlby"">wikipedia April Bowlby</a>"
83,Brooke D'Orsay,Christy,2007,2007,1,"<a href=""https://fr.wikipedia.org/wiki/Brooke_D'Orsay"">wikipedia Brooke D'Orsay</a>"
84,Sarayu Blue,Lalita,2007,2007,1,"<a href=""https://fr.wikipedia.org/wiki/Sarayu_Blue"">wikipedia Sarayu Blue</a>"
85,Octavia Spencer,Octavia,2008,2008,1,"<a href=""https://fr.wikipedia.org/wiki/Octavia_Spencer"">wikipedia Octavia Spencer</a>"
86,Andrew W. Walker,Mike,2008,2008,1,"<a href=""https://fr.wikipedia.org/wiki/Andrew_W._Walker"">wikipedia Andrew W. Walker</a>"
87,Charlie Sheen,Charlie,2008,2008,1,"<a href=""https://fr.wikipedia.org/wiki/Charlie_Sheen"">wikipedia Charlie Sheen</a>"
88,Michael Trucco,Dr.David,2008,2008,1,"<a href=""https://fr.wikipedia.org/wiki/Michael_Trucco"">wikipedia Michael Trucco</a>"
89,DJ Qualls,Toby,2008,2008,1,"<a href=""https://fr.wikipedia.org/wiki/DJ_Qualls"">wikipedia DJ Qualls</a>"
90,Talbott Lin,Chinese,2008,2008,1,"<a href=""https://fr.wikipedia.org/wiki/Talbott_Lin"">wikipedia Talbott Lin</a>"
91,Summer Glau,Summer,2009,2009,1,"<a href=""https://fr.wikipedia.org/wiki/Summer_Glau"">wikipedia Summer Glau</a>"
92,Jodi Lyn O'Keefe,Mikayla,2009,2009,1,"<a href=""https://fr.wikipedia.org/wiki/Jodi_Lyn_O'Keefe"">wikipedia Jodi Lyn O'Keefe</a>"
93,Elizabeth Bogush,Dr.Catherine,2009,2009,1,"<a href=""https://fr.wikipedia.org/wiki/Elizabeth_Bogush"">wikipedia Elizabeth Bogush</a>"
94,Lewis Black,Professor,2009,2009,1,"<a href=""https://fr.wikipedia.org/wiki/Lewis_Black"">wikipedia Lewis Black</a>"
95,Zachary Abel,Todd,2009,2009,1,"<a href=""https://fr.wikipedia.org/wiki/Zachary_Abel"">wikipedia Zachary Abel</a>"
96,Eliza Dushku,FBI,2010,2010,1,"<a href=""https://fr.wikipedia.org/wiki/Eliza_Dushku"">wikipedia Eliza Dushku</a>"
97,Judy Greer,Dr.Elizabeth,2010,2010,1,"<a href=""https://fr.wikipedia.org/wiki/Judy_Greer"">wikipedia Judy Greer</a>"
98,Stan Lee,Stan,2010,2010,1,"<a href=""https://fr.wikipedia.org/wiki/Stan_Lee"">wikipedia Stan Lee</a>"
99,Julio Oscar Mechoso,Officer,2010,2010,1,"<a href=""https://fr.wikipedia.org/wiki/Julio_Oscar_Mechoso"">wikipedia Julio Oscar Mechoso</a>"
100,Steve Wozniak,Steve,2010,2010,1,"<a href=""https://fr.wikipedia.org/wiki/Steve_Wozniak"">wikipedia Steve Wozniak</a>"
101,Frank Maharajh,Venkatesh,2010,2010,1,"<a href=""https://fr.wikipedia.org/wiki/Frank_Maharajh"">wikipedia Frank Maharajh</a>"
102,Rachel Cannon,Patty,2007,2007,1,"<a href=""https://fr.wikipedia.org/wiki/Rachel_Cannon"">wikipedia Rachel Cannon</a>"
103,Allen Nabors,Doug,2007,2007,1,"<a href=""https://fr.wikipedia.org/wiki/Allen_Nabors"">wikipedia Allen Nabors</a>"
104,Travis Schuldt,Eric,2008,2008,1,"<a href=""https://fr.wikipedia.org/wiki/Travis_Schuldt"">wikipedia Travis Schuldt</a>"
105,Michael Hyatt,Charlotte,2008,2008,1,"<a href=""https://fr.wikipedia.org/wiki/Michael_Hyatt"">wikipedia Michael Hyatt</a>"
106,Austin Lee,Dennis,2008,2008,1,"<a href=""https://fr.wikipedia.org/wiki/Austin_Lee"">wikipedia Austin Lee</a>"
107,Judith Moreland,Jan,2008,2008,1,"<a href=""https://fr.wikipedia.org/wiki/Judith_Moreland"">wikipedia Judith Moreland</a>"
108,Howard Chan,Chinese,2008,2008,1,"<a href=""https://fr.wikipedia.org/wiki/Howard_Chan"">wikipedia Howard Chan</a>"
109,Valerie Azlynn,Alicia,2009,2009,1,"<a href=""https://fr.wikipedia.org/wiki/Valerie_Azlynn"">wikipedia Valerie Azlynn</a>"
110,Sarah Buehler,Sarah,2009,2009,1,"<a href=""https://fr.wikipedia.org/wiki/Sarah_Buehler"">wikipedia Sarah Buehler</a>"
111,Oliver Muirhead,Professor,2009,2009,1,"<a href=""https://fr.wikipedia.org/wiki/Oliver_Muirhead"">wikipedia Oliver Muirhead</a>"
112,Will Deutsch,Jeremy,2009,2009,1,"<a href=""https://fr.wikipedia.org/wiki/Will_Deutsch"">wikipedia Will Deutsch</a>"
113,Jason Mesches,Denny,2009,2009,1,"<a href=""https://fr.wikipedia.org/wiki/Jason_Mesches"">wikipedia Jason Mesches</a>"
114,Danica McKellar,Abby,2010,2010,1,"<a href=""https://fr.wikipedia.org/wiki/Danica_McKellar"">wikipedia Danica McKellar</a>"
115,Ally Maki,Joyce,2010,2010,1,"<a href=""https://fr.wikipedia.org/wiki/Ally_Maki"">wikipedia Ally Maki</a>"
116,Yeardley Smith,Sandy,2010,2010,1,"<a href=""https://fr.wikipedia.org/wiki/Yeardley_Smith"">wikipedia Yeardley Smith</a>"
117,Artie O'Daly,Young,2010,2010,1,"<a href=""https://fr.wikipedia.org/wiki/Artie_O'Daly"">wikipedia Artie O'Daly</a>"
118,Jessica Walter,Mrs.Latham,2011,2011,1,"<a href=""https://fr.wikipedia.org/wiki/Jessica_Walter"">wikipedia Jessica Walter</a>"
119,Ryan Cartwright,Cole,2012,2012,1,"<a href=""https://fr.wikipedia.org/wiki/Ryan_Cartwright"">wikipedia Ryan Cartwright</a>"
120,Sierra Edwards,Summer,2007,2007,1,"<a href=""https://fr.wikipedia.org/wiki/Sierra_Edwards"">wikipedia Sierra Edwards</a>"
121,Treisa Gary,Waitress,2007,2007,1,"<a href=""https://fr.wikipedia.org/wiki/Treisa_Gary"">wikipedia Treisa Gary</a>"
122,Jennifer Hale,News,2008,2008,1,"<a href=""https://fr.wikipedia.org/wiki/Jennifer_Hale"">wikipedia Jennifer Hale</a>"
123,Emily Happe,Kathy,2008,2008,1,"<a href=""https://fr.wikipedia.org/wiki/Emily_Happe"">wikipedia Emily Happe</a>"
124,Tyler Jon Olson,Blaine,2008,2008,1,"<a href=""https://fr.wikipedia.org/wiki/Tyler_Jon_Olson"">wikipedia Tyler Jon Olson</a>"
125,Samantha Potter,Model,2008,2008,1,"<a href=""https://fr.wikipedia.org/wiki/Samantha_Potter"">wikipedia Samantha Potter</a>"
126,Emma Degerstedt,Emma,2008,2008,1,"<a href=""https://fr.wikipedia.org/wiki/Emma_Degerstedt"">wikipedia Emma Degerstedt</a>"
127,Livia Treviño,Lourdes,2008,2008,1,"<a href=""https://fr.wikipedia.org/wiki/Livia_Treviño"">wikipedia Livia Treviño</a>"
128,Ronald Hunter,Dan,2008,2008,1,"<a href=""https://fr.wikipedia.org/wiki/Ronald_Hunter"">wikipedia Ronald Hunter</a>"
129,Adam Gregor,Dmitri,2008,2008,1,"<a href=""https://fr.wikipedia.org/wiki/Adam_Gregor"">wikipedia Adam Gregor</a>"
130,Andy Mackenzie,Skeeter,2009,2009,1,"<a href=""https://fr.wikipedia.org/wiki/Andy_Mackenzie"">wikipedia Andy Mackenzie</a>"
131,Jane Galloway Heitz,Mildred,2009,2009,1,"<a href=""https://fr.wikipedia.org/wiki/Jane_Galloway_Heitz"">wikipedia Jane Galloway Heitz</a>"
132,Travis Davis,Ground,2009,2009,1,"<a href=""https://fr.wikipedia.org/wiki/Travis_Davis"">wikipedia Travis Davis</a>"
133,Steven Yeun,Sebastian,2010,2010,1,"<a href=""https://fr.wikipedia.org/wiki/Steven_Yeun"">wikipedia Steven Yeun</a>"
134,George Takei,George,2010,2010,1,"<a href=""https://fr.wikipedia.org/wiki/George_Takei"">wikipedia George Takei</a>"
135,Jen Drohan,Martha,2010,2010,1,"<a href=""https://fr.wikipedia.org/wiki/Jen_Drohan"">wikipedia Jen Drohan</a>"
136,Steve Paymer,Judge,2010,2010,1,"<a href=""https://fr.wikipedia.org/wiki/Steve_Paymer"">wikipedia Steve Paymer</a>"
137,Rick Fox,Glenn,2011,2011,1,"<a href=""https://fr.wikipedia.org/wiki/Rick_Fox"">wikipedia Rick Fox</a>"
138,Blake Berris,Kevin,2011,2011,1,"<a href=""https://fr.wikipedia.org/wiki/Blake_Berris"">wikipedia Blake Berris</a>"
139,William Stanford Davis,Dry,2012,2012,1,"<a href=""https://fr.wikipedia.org/wiki/William_Stanford_Davis"">wikipedia William Stanford Davis</a>"
140,Jim Turner,Reverend,2012,2012,1,"<a href=""https://fr.wikipedia.org/wiki/Jim_Turner"">wikipedia Jim Turner</a>"
141,Troy Winbush,Paramedic,2013,2013,1,"<a href=""https://fr.wikipedia.org/wiki/Troy_Winbush"">wikipedia Troy Winbush</a>"
142,Todd Eric Andrews,Dr.Gunderson,2013,2013,1,"<a href=""https://fr.wikipedia.org/wiki/Todd_Eric_Andrews"">wikipedia Todd Eric Andrews</a>"
143,Tom Fonss,Student,2013,2013,1,"<a href=""https://fr.wikipedia.org/wiki/Tom_Fonss"">wikipedia Tom Fonss</a>"
144,Billy Bob Thornton,Dr.Oliver,2014,2014,1,"<a href=""https://fr.wikipedia.org/wiki/Billy_Bob_Thornton"">wikipedia Billy Bob Thornton</a>"
145,Tania Raymonde,Yvette,2014,2014,1,"<a href=""https://fr.wikipedia.org/wiki/Tania_Raymonde"">wikipedia Tania Raymonde</a>"
146,Josh Peck,Jesse,2014,2014,1,"<a href=""https://fr.wikipedia.org/wiki/Josh_Peck"">wikipedia Josh Peck</a>"
147,James Earl Jones,James,2014,2014,1,"<a href=""https://fr.wikipedia.org/wiki/James_Earl_Jones"">wikipedia James Earl Jones</a>"
148,Melissa Tang,Mandy,2015,2015,1,"<a href=""https://fr.wikipedia.org/wiki/Melissa_Tang"">wikipedia Melissa Tang</a>"
149,Tate Ellington,Mitchell,2015,2015,1,"<a href=""https://fr.wikipedia.org/wiki/Tate_Ellington"">wikipedia Tate Ellington</a>"
150,Sara Erikson,Gwen,2015,2015,1,"<a href=""https://fr.wikipedia.org/wiki/Sara_Erikson"">wikipedia Sara Erikson</a>"
151,Noel De Souza,Older,2015,2015,1,"<a href=""https://fr.wikipedia.org/wiki/Noel_De_Souza"">wikipedia Noel De Souza</a>"
152,Josh Zuckerman,Marty,2016,2016,1,"<a href=""https://fr.wikipedia.org/wiki/Josh_Zuckerman"">wikipedia Josh Zuckerman</a>"
153,Maria Canals-Barrera,Issabella,2016,2016,1,"<a href=""https://fr.wikipedia.org/wiki/Maria_Canals-Barrera"">wikipedia Maria Canals-Barrera</a>"
154,Michael Croner,Andre,2016,2016,1,"<a href=""https://fr.wikipedia.org/wiki/Michael_Croner"">wikipedia Michael Croner</a>"
155,Beth Behrs,Nell,2018,2018,1,"<a href=""https://fr.wikipedia.org/wiki/Beth_Behrs"">wikipedia Beth Behrs</a>"
156,Peter MacNicol,Dr.Robert,2018,2018,1,"<a href=""https://fr.wikipedia.org/wiki/Peter_MacNicol"">wikipedia Peter MacNicol</a>"
157,Kimberly Jeppson,Vicki,2007,2007,1,"<a href=""https://fr.wikipedia.org/wiki/Kimberly_Jeppson"">wikipedia Kimberly Jeppson</a>"
158,Sherry Weston,Instructor,2007,2007,1,"<a href=""https://fr.wikipedia.org/wiki/Sherry_Weston"">wikipedia Sherry Weston</a>"
159,Mark Hames,Tom,2008,2008,1,"<a href=""https://fr.wikipedia.org/wiki/Mark_Hames"">wikipedia Mark Hames</a>"
160,Chuck Carter,Stan,2008,2008,1,"<a href=""https://fr.wikipedia.org/wiki/Chuck_Carter"">wikipedia Chuck Carter</a>"
161,Sandra Marquez,Woman,2008,2008,1,"<a href=""https://fr.wikipedia.org/wiki/Sandra_Marquez"">wikipedia Sandra Marquez</a>"
162,Jade Zdanow,Rebecca,2009,2009,1,"<a href=""https://fr.wikipedia.org/wiki/Jade_Zdanow"">wikipedia Jade Zdanow</a>"
163,Eric André,Joey,2010,2010,1,"<a href=""https://fr.wikipedia.org/wiki/Eric_André"">wikipedia Eric André</a>"
164,Lauri Johnson,Mrs.Gunderson,2010,2010,1,"<a href=""https://fr.wikipedia.org/wiki/Lauri_Johnson"">wikipedia Lauri Johnson</a>"
165,Ajgie Kirkland,Louie,2010,2010,1,"<a href=""https://fr.wikipedia.org/wiki/Ajgie_Kirkland"">wikipedia Ajgie Kirkland</a>"
166,Courtney Ford,Alice,2011,2011,1,"<a href=""https://fr.wikipedia.org/wiki/Courtney_Ford"">wikipedia Courtney Ford</a>"
167,Tiffany Dupont,Angela,2011,2011,1,"<a href=""https://fr.wikipedia.org/wiki/Tiffany_Dupont"">wikipedia Tiffany Dupont</a>"
168,Stacey Travis,Sandy,2011,2011,1,"<a href=""https://fr.wikipedia.org/wiki/Stacey_Travis"">wikipedia Stacey Travis</a>"
169,Phil Abrams,Dr.Bernstein,2011,2011,1,"<a href=""https://fr.wikipedia.org/wiki/Phil_Abrams"">wikipedia Phil Abrams</a>"
170,Ashley Austin Morris,Laura,2011,2011,1,"<a href=""https://fr.wikipedia.org/wiki/Ashley_Austin_Morris"">wikipedia Ashley Austin Morris</a>"
171,Arnold Chun,Ho-Jun,2011,2011,1,"<a href=""https://fr.wikipedia.org/wiki/Arnold_Chun"">wikipedia Arnold Chun</a>"
172,Becky O'Donohue,Siri,2012,2012,1,"<a href=""https://fr.wikipedia.org/wiki/Becky_O'Donohue"">wikipedia Becky O'Donohue</a>"
173,Meagen Fay,Mrs.Rostenkowski,2012,2012,1,"<a href=""https://fr.wikipedia.org/wiki/Meagen_Fay"">wikipedia Meagen Fay</a>"
174,Jonathan Schmock,Jonathan,2012,2012,1,"<a href=""https://fr.wikipedia.org/wiki/Jonathan_Schmock"">wikipedia Jonathan Schmock</a>"
175,Buzz Aldrin,Buzz,2012,2012,1,"<a href=""https://fr.wikipedia.org/wiki/Buzz_Aldrin"">wikipedia Buzz Aldrin</a>"
176,Chriselle Almeida,Lakshmi,2012,2012,1,"<a href=""https://fr.wikipedia.org/wiki/Chriselle_Almeida"">wikipedia Chriselle Almeida</a>"
177,Nick Clifford,Phil,2012,2012,1,"<a href=""https://fr.wikipedia.org/wiki/Nick_Clifford"">wikipedia Nick Clifford</a>"
178,Karl T. Wright,Jimmy,2012,2012,1,"<a href=""https://fr.wikipedia.org/wiki/Karl_T._Wright"">wikipedia Karl T. Wright</a>"
179,Matt Battaglia,Officer,2013,2013,1,"<a href=""https://fr.wikipedia.org/wiki/Matt_Battaglia"">wikipedia Matt Battaglia</a>"
180,Morgan Hewitt,Lizzy,2013,2013,1,"<a href=""https://fr.wikipedia.org/wiki/Morgan_Hewitt"">wikipedia Morgan Hewitt</a>"
181,Barak Hardley,Pizza,2013,2013,1,"<a href=""https://fr.wikipedia.org/wiki/Barak_Hardley"">wikipedia Barak Hardley</a>"
182,Sophie Oda,Grace,2013,2013,1,"<a href=""https://fr.wikipedia.org/wiki/Sophie_Oda"">wikipedia Sophie Oda</a>"
183,Ayumi Iizuka,Scientist,2013,2013,1,"<a href=""https://fr.wikipedia.org/wiki/Ayumi_Iizuka"">wikipedia Ayumi Iizuka</a>"
184,Carrie Fisher,Carrie,2014,2014,1,"<a href=""https://fr.wikipedia.org/wiki/Carrie_Fisher"">wikipedia Carrie Fisher</a>"
185,Eric Petersen,Eric,2014,2014,1,"<a href=""https://fr.wikipedia.org/wiki/Eric_Petersen"">wikipedia Eric Petersen</a>"
186,Malcolm Foster Smith,Roy,2014,2014,1,"<a href=""https://fr.wikipedia.org/wiki/Malcolm_Foster_Smith"">wikipedia Malcolm Foster Smith</a>"
187,Gilda Stratton,Flight,2014,2014,1,"<a href=""https://fr.wikipedia.org/wiki/Gilda_Stratton"">wikipedia Gilda Stratton</a>"
188,Nathan Fillion,Nathan,2015,2015,1,"<a href=""https://fr.wikipedia.org/wiki/Nathan_Fillion"">wikipedia Nathan Fillion</a>"
189,Kelli Goss,Chelsea,2015,2015,1,"<a href=""https://fr.wikipedia.org/wiki/Kelli_Goss"">wikipedia Kelli Goss</a>"
190,Elon Musk,Elon,2015,2015,1,"<a href=""https://fr.wikipedia.org/wiki/Elon_Musk"">wikipedia Elon Musk</a>"
191,Yoshi Barrigas,Trent,2015,2015,1,"<a href=""https://fr.wikipedia.org/wiki/Yoshi_Barrigas"">wikipedia Yoshi Barrigas</a>"
192,Michael Dempsey,Security,2015,2015,1,"<a href=""https://fr.wikipedia.org/wiki/Michael_Dempsey"">wikipedia Michael Dempsey</a>"
193,Stephanie Escajeda,Cindy,2015,2015,1,"<a href=""https://fr.wikipedia.org/wiki/Stephanie_Escajeda"">wikipedia Stephanie Escajeda</a>"
194,Christopher Lloyd,Theodore,2016,2016,1,"<a href=""https://fr.wikipedia.org/wiki/Christopher_Lloyd"">wikipedia Christopher Lloyd</a>"
195,June Squibb,Meemaw,2016,2016,1,"<a href=""https://fr.wikipedia.org/wiki/June_Squibb"">wikipedia June Squibb</a>"
196,Jane Kaczmarek,Dr.Gallo,2016,2016,1,"<a href=""https://fr.wikipedia.org/wiki/Jane_Kaczmarek"">wikipedia Jane Kaczmarek</a>"
197,Joel Murray,Doug,2017,2017,1,"<a href=""https://fr.wikipedia.org/wiki/Joel_Murray"">wikipedia Joel Murray</a>"
198,Dana L. Wilson,Dr.Sanders,2017,2017,1,"<a href=""https://fr.wikipedia.org/wiki/Dana_L._Wilson"">wikipedia Dana L. Wilson</a>"
199,Tiffany Daniels,Clerk,2017,2017,1,"<a href=""https://fr.wikipedia.org/wiki/Tiffany_Daniels"">wikipedia Tiffany Daniels</a>"
200,Walton Goggins,Oliver,2018,2018,1,"<a href=""https://fr.wikipedia.org/wiki/Walton_Goggins"">wikipedia Walton Goggins</a>"
201,Iain Armitage,Young,2018,2018,1,"<a href=""https://fr.wikipedia.org/wiki/Iain_Armitage"">wikipedia Iain Armitage</a>"
202,James Maslow,Bartender,2018,2018,1,"<a href=""https://fr.wikipedia.org/wiki/James_Maslow"">wikipedia James Maslow</a>"
203,Neil Gaiman,Neil,2018,2018,1,"<a href=""https://fr.wikipedia.org/wiki/Neil_Gaiman"">wikipedia Neil Gaiman</a>"
204,Ellie Reed,Jenna,2018,2018,1,"<a href=""https://fr.wikipedia.org/wiki/Ellie_Reed"">wikipedia Ellie Reed</a>"
205,Bill Gates,Bill,2018,2018,1,"<a href=""https://fr.wikipedia.org/wiki/Bill_Gates"">wikipedia Bill Gates</a>"
206,Rachna Khatau,Kathleen,2018,2018,1,"<a href=""https://fr.wikipedia.org/wiki/Rachna_Khatau"">wikipedia Rachna Khatau</a>"
207,Joe Manganiello,Joe,2019,2019,1,"<a href=""https://fr.wikipedia.org/wiki/Joe_Manganiello"">wikipedia Joe Manganiello</a>"
208,Sarah Michelle Gellar,Sarah,2019,2019,1,"<a href=""https://fr.wikipedia.org/wiki/Sarah_Michelle_Gellar"">wikipedia Sarah Michelle Gellar</a>"
209,Cynthia Holloway,Roberta,2007,2007,1,"<a href=""https://fr.wikipedia.org/wiki/Cynthia_Holloway"">wikipedia Cynthia Holloway</a>"
210,Sergio Enrique,Son,2008,2008,1,"<a href=""https://fr.wikipedia.org/wiki/Sergio_Enrique"">wikipedia Sergio Enrique</a>"
211,Charlotte Newhouse,Joy,2010,2010,1,"<a href=""https://fr.wikipedia.org/wiki/Charlotte_Newhouse"">wikipedia Charlotte Newhouse</a>"
212,Lanny Joon,Officer,2011,2011,1,"<a href=""https://fr.wikipedia.org/wiki/Lanny_Joon"">wikipedia Lanny Joon</a>"
213,Tom Yi,Dispatcher,2011,2011,1,"<a href=""https://fr.wikipedia.org/wiki/Tom_Yi"">wikipedia Tom Yi</a>"
214,Whitney Avalon,Elsie,2011,2011,1,"<a href=""https://fr.wikipedia.org/wiki/Whitney_Avalon"">wikipedia Whitney Avalon</a>"
215,Sharon Omi,Nurse,2011,2011,1,"<a href=""https://fr.wikipedia.org/wiki/Sharon_Omi"">wikipedia Sharon Omi</a>"
216,Peter Onorati,Angelo,2012,2012,1,"<a href=""https://fr.wikipedia.org/wiki/Peter_Onorati"">wikipedia Peter Onorati</a>"
217,Janelle Marra,Claire,2012,2012,1,"<a href=""https://fr.wikipedia.org/wiki/Janelle_Marra"">wikipedia Janelle Marra</a>"
218,Jadon Sand,Aaron,2012,2012,1,"<a href=""https://fr.wikipedia.org/wiki/Jadon_Sand"">wikipedia Jadon Sand</a>"
219,Lynn Philip Seibel,Professor,2012,2012,1,"<a href=""https://fr.wikipedia.org/wiki/Lynn_Philip_Seibel"">wikipedia Lynn Philip Seibel</a>"
220,Piper Mackenzie Harris,Girl,2013,2013,1,"<a href=""https://fr.wikipedia.org/wiki/Piper_Mackenzie_Harris"">wikipedia Piper Mackenzie Harris</a>"
221,Aaron Takahashi,Scientist,2013,2013,1,"<a href=""https://fr.wikipedia.org/wiki/Aaron_Takahashi"">wikipedia Aaron Takahashi</a>"
222,Christine Corpuz,Woman,2013,2013,1,"<a href=""https://fr.wikipedia.org/wiki/Christine_Corpuz"">wikipedia Christine Corpuz</a>"
223,Riccardo LeBron,Tom,2013,2013,1,"<a href=""https://fr.wikipedia.org/wiki/Riccardo_LeBron"">wikipedia Riccardo LeBron</a>"
224,Angela Sargeant,Lana,2013,2013,1,"<a href=""https://fr.wikipedia.org/wiki/Angela_Sargeant"">wikipedia Angela Sargeant</a>"
225,Kimberly Hebert Gregory,Ms.,2014,2014,1,"<a href=""https://fr.wikipedia.org/wiki/Kimberly_Hebert_Gregory"">wikipedia Kimberly Hebert Gregory</a>"
226,Christopher Neiman,Dr.Dreyfus,2014,2014,1,"<a href=""https://fr.wikipedia.org/wiki/Christopher_Neiman"">wikipedia Christopher Neiman</a>"
227,Fernando Rivera,Salesperson,2014,2014,1,"<a href=""https://fr.wikipedia.org/wiki/Fernando_Rivera"">wikipedia Fernando Rivera</a>"
228,Michael Reetz,Photographer,2014,2014,1,"<a href=""https://fr.wikipedia.org/wiki/Michael_Reetz"">wikipedia Michael Reetz</a>"
229,Michael Araujo,Stadium,2014,2014,1,"<a href=""https://fr.wikipedia.org/wiki/Michael_Araujo"">wikipedia Michael Araujo</a>"
230,Michael Rapaport,Kenny,2015,2015,1,"<a href=""https://fr.wikipedia.org/wiki/Michael_Rapaport"">wikipedia Michael Rapaport</a>"
231,Matt Bennett,Josh,2015,2015,1,"<a href=""https://fr.wikipedia.org/wiki/Matt_Bennett"">wikipedia Matt Bennett</a>"
232,Max Mittelman,Tech,2015,2015,1,"<a href=""https://fr.wikipedia.org/wiki/Max_Mittelman"">wikipedia Max Mittelman</a>"
233,Wayne Wilderson,Travis,2015,2015,1,"<a href=""https://fr.wikipedia.org/wiki/Wayne_Wilderson"">wikipedia Wayne Wilderson</a>"
234,Phoebe Neidhardt,Casting,2015,2015,1,"<a href=""https://fr.wikipedia.org/wiki/Phoebe_Neidhardt"">wikipedia Phoebe Neidhardt</a>"
235,Megan Heyn,Natalie,2015,2015,1,"<a href=""https://fr.wikipedia.org/wiki/Megan_Heyn"">wikipedia Megan Heyn</a>"
236,Craig Welzbacher,Candidate,2015,2015,1,"<a href=""https://fr.wikipedia.org/wiki/Craig_Welzbacher"">wikipedia Craig Welzbacher</a>"
237,Mark Barrett,Security,2015,2015,1,"<a href=""https://fr.wikipedia.org/wiki/Mark_Barrett"">wikipedia Mark Barrett</a>"
238,Blake Anderson,Trevor,2016,2016,1,"<a href=""https://fr.wikipedia.org/wiki/Blake_Anderson"">wikipedia Blake Anderson</a>"
239,Brandon W. Jones,The,2016,2016,1,"<a href=""https://fr.wikipedia.org/wiki/Brandon_W._Jones"">wikipedia Brandon W. Jones</a>"
240,Jim Holmes,Tim,2016,2016,1,"<a href=""https://fr.wikipedia.org/wiki/Jim_Holmes"">wikipedia Jim Holmes</a>"
241,Declan Churchill Carter,Five,2016,2016,1,"<a href=""https://fr.wikipedia.org/wiki/Declan_Churchill_Carter"">wikipedia Declan Churchill Carter</a>"
242,Michael Patrick McGill,Police,2017,2017,1,"<a href=""https://fr.wikipedia.org/wiki/Michael_Patrick_McGill"">wikipedia Michael Patrick McGill</a>"
243,Marissa Cuevas,Danielle,2017,2017,1,"<a href=""https://fr.wikipedia.org/wiki/Marissa_Cuevas"">wikipedia Marissa Cuevas</a>"
244,Doug Morency,Stranger,2017,2017,1,"<a href=""https://fr.wikipedia.org/wiki/Doug_Morency"">wikipedia Doug Morency</a>"
245,Eric Normington,Man,2017,2017,1,"<a href=""https://fr.wikipedia.org/wiki/Eric_Normington"">wikipedia Eric Normington</a>"
246,Maribeth Monroe,Dr.Lee,2018,2018,1,"<a href=""https://fr.wikipedia.org/wiki/Maribeth_Monroe"">wikipedia Maribeth Monroe</a>"
247,Parvesh Cheena,Marcus,2018,2018,1,"<a href=""https://fr.wikipedia.org/wiki/Parvesh_Cheena"">wikipedia Parvesh Cheena</a>"
248,Laura Cerón,Marta,2018,2018,1,"<a href=""https://fr.wikipedia.org/wiki/Laura_Cerón"">wikipedia Laura Cerón</a>"
249,Eddie Shin,Dr.Park,2018,2018,1,"<a href=""https://fr.wikipedia.org/wiki/Eddie_Shin"">wikipedia Eddie Shin</a>"
250,Lynn Andrews,Margaret,2018,2018,1,"<a href=""https://fr.wikipedia.org/wiki/Lynn_Andrews"">wikipedia Lynn Andrews</a>"
251,Mark Berry,Pit,2018,2018,1,"<a href=""https://fr.wikipedia.org/wiki/Mark_Berry"">wikipedia Mark Berry</a>"
252,Robert Wu,Tam,2018,2018,1,"<a href=""https://fr.wikipedia.org/wiki/Robert_Wu"">wikipedia Robert Wu</a>"
253,Edward James Gage,Nicholas,2018,2018,1,"<a href=""https://fr.wikipedia.org/wiki/Edward_James_Gage"">wikipedia Edward James Gage</a>"
254,Jason Kravits,Danny,2019,2019,1,"<a href=""https://fr.wikipedia.org/wiki/Jason_Kravits"">wikipedia Jason Kravits</a>"
255,Chris Reed,Todd,2011,2011,1,"<a href=""https://fr.wikipedia.org/wiki/Chris_Reed"">wikipedia Chris Reed</a>"
256,Brian Greene,Brian,2011,2011,1,"<a href=""https://fr.wikipedia.org/wiki/Brian_Greene"">wikipedia Brian Greene</a>"
257,Ken Lerner,Dr.Schneider,2012,2012,1,"<a href=""https://fr.wikipedia.org/wiki/Ken_Lerner"">wikipedia Ken Lerner</a>"
258,Dusan Brown,Jeremy,2012,2012,1,"<a href=""https://fr.wikipedia.org/wiki/Dusan_Brown"">wikipedia Dusan Brown</a>"
259,Diamond White,Girl,2013,2013,1,"<a href=""https://fr.wikipedia.org/wiki/Diamond_White"">wikipedia Diamond White</a>"
260,Craig Gellis,Car,2013,2013,1,"<a href=""https://fr.wikipedia.org/wiki/Craig_Gellis"">wikipedia Craig Gellis</a>"
261,Steve Valentine,Kenneth,2014,2014,1,"<a href=""https://fr.wikipedia.org/wiki/Steve_Valentine"">wikipedia Steve Valentine</a>"
262,Kara Luiz,Jeanie,2014,2014,1,"<a href=""https://fr.wikipedia.org/wiki/Kara_Luiz"">wikipedia Kara Luiz</a>"
263,Paul Willson,Professor,2014,2014,1,"<a href=""https://fr.wikipedia.org/wiki/Paul_Willson"">wikipedia Paul Willson</a>"
264,David Barrera,Officer,2014,2014,1,"<a href=""https://fr.wikipedia.org/wiki/David_Barrera"">wikipedia David Barrera</a>"
265,Rod Keller,Wardrobe,2014,2014,1,"<a href=""https://fr.wikipedia.org/wiki/Rod_Keller"">wikipedia Rod Keller</a>"
266,Monica Garcia,Maria,2014,2014,1,"<a href=""https://fr.wikipedia.org/wiki/Monica_Garcia"">wikipedia Monica Garcia</a>"
267,Phyllis Timbes,Voicemail,2014,2014,1,"<a href=""https://fr.wikipedia.org/wiki/Phyllis_Timbes"">wikipedia Phyllis Timbes</a>"
268,Patrika Darbo,Grace,2015,2015,1,"<a href=""https://fr.wikipedia.org/wiki/Patrika_Darbo"">wikipedia Patrika Darbo</a>"
269,Adam Nimoy,Adam,2015,2015,1,"<a href=""https://fr.wikipedia.org/wiki/Adam_Nimoy"">wikipedia Adam Nimoy</a>"
270,Max Adler,Zombie,2015,2015,1,"<a href=""https://fr.wikipedia.org/wiki/Max_Adler"">wikipedia Max Adler</a>"
271,Angela Relucio,Hostess,2015,2015,1,"<a href=""https://fr.wikipedia.org/wiki/Angela_Relucio"">wikipedia Angela Relucio</a>"
272,Katherine Von Till,Tech,2015,2015,1,"<a href=""https://fr.wikipedia.org/wiki/Katherine_Von_Till"">wikipedia Katherine Von Till</a>"
273,Rena Strober,Caller,2015,2015,1,"<a href=""https://fr.wikipedia.org/wiki/Rena_Strober"">wikipedia Rena Strober</a>"
274,Jeff Witzke,Moviegoer,2015,2015,1,"<a href=""https://fr.wikipedia.org/wiki/Jeff_Witzke"">wikipedia Jeff Witzke</a>"
275,Kurt Koehler,Candidate,2015,2015,1,"<a href=""https://fr.wikipedia.org/wiki/Kurt_Koehler"">wikipedia Kurt Koehler</a>"
276,Louise Claps,Receptionist,2015,2015,1,"<a href=""https://fr.wikipedia.org/wiki/Louise_Claps"">wikipedia Louise Claps</a>"
277,Jeff Jingle,Alien,2015,2015,1,"<a href=""https://fr.wikipedia.org/wiki/Jeff_Jingle"">wikipedia Jeff Jingle</a>"
278,Amanda Payton,Ainsley,2016,2016,1,"<a href=""https://fr.wikipedia.org/wiki/Amanda_Payton"">wikipedia Amanda Payton</a>"
279,Creagen Dow,Glenn,2016,2016,1,"<a href=""https://fr.wikipedia.org/wiki/Creagen_Dow"">wikipedia Creagen Dow</a>"
280,Josh Banday,Nolan,2016,2016,1,"<a href=""https://fr.wikipedia.org/wiki/Josh_Banday"">wikipedia Josh Banday</a>"
281,Susan Chuang,Dr.Harris,2017,2017,1,"<a href=""https://fr.wikipedia.org/wiki/Susan_Chuang"">wikipedia Susan Chuang</a>"
282,Brooke Baumer,Denise,2017,2017,1,"<a href=""https://fr.wikipedia.org/wiki/Brooke_Baumer"">wikipedia Brooke Baumer</a>"
283,Cat Hammons,Nurse,2017,2017,1,"<a href=""https://fr.wikipedia.org/wiki/Cat_Hammons"">wikipedia Cat Hammons</a>"
284,Elka Rodriguez,Rose,2017,2017,1,"<a href=""https://fr.wikipedia.org/wiki/Elka_Rodriguez"">wikipedia Elka Rodriguez</a>"
285,Mark Hamill,Mark,2018,2018,1,"<a href=""https://fr.wikipedia.org/wiki/Mark_Hamill"">wikipedia Mark Hamill</a>"
286,Montana Jordan,Georgie,2018,2018,1,"<a href=""https://fr.wikipedia.org/wiki/Montana_Jordan"">wikipedia Montana Jordan</a>"
287,Bob Stephenson,Wendell,2018,2018,1,"<a href=""https://fr.wikipedia.org/wiki/Bob_Stephenson"">wikipedia Bob Stephenson</a>"
288,Eileen Galindo,Letty,2018,2018,1,"<a href=""https://fr.wikipedia.org/wiki/Eileen_Galindo"">wikipedia Eileen Galindo</a>"
289,Alison Martin,Andrea,2018,2018,1,"<a href=""https://fr.wikipedia.org/wiki/Alison_Martin"">wikipedia Alison Martin</a>"
290,Patrick Daniel,Grant,2018,2018,1,"<a href=""https://fr.wikipedia.org/wiki/Patrick_Daniel"">wikipedia Patrick Daniel</a>"
291,Jeffrey Cade Ross Brown,Toby,2018,2018,1,"<a href=""https://fr.wikipedia.org/wiki/Jeffrey_Cade_Ross_Brown"">wikipedia Jeffrey Cade Ross Brown</a>"
292,Evan Charest,Croupier,2018,2018,1,"<a href=""https://fr.wikipedia.org/wiki/Evan_Charest"">wikipedia Evan Charest</a>"
293,Andy Daly,Nathan,2019,2019,1,"<a href=""https://fr.wikipedia.org/wiki/Andy_Daly"">wikipedia Andy Daly</a>"
294,Brooke Dillman,Bebe,2019,2019,1,"<a href=""https://fr.wikipedia.org/wiki/Brooke_Dillman"">wikipedia Brooke Dillman</a>"
295,Kareem Abdul-Jabbar,Kareem,2019,2019,1,"<a href=""https://fr.wikipedia.org/wiki/Kareem_Abdul-Jabbar"">wikipedia Kareem Abdul-Jabbar</a>"
296,Angela Lin,Maritza,2019,2019,1,"<a href=""https://fr.wikipedia.org/wiki/Angela_Lin"">wikipedia Angela Lin</a>"
297,Thomas Albany,King,2019,2019,1,"<a href=""https://fr.wikipedia.org/wiki/Thomas_Albany"">wikipedia Thomas Albany</a>"
298,Jan Hoag,Lillian,2012,2012,1,"<a href=""https://fr.wikipedia.org/wiki/Jan_Hoag"">wikipedia Jan Hoag</a>"
299,Amy Tolsky,Joan,2012,2012,1,"<a href=""https://fr.wikipedia.org/wiki/Amy_Tolsky"">wikipedia Amy Tolsky</a>"
300,Briana Cuoco,Gretchen,2013,2013,1,"<a href=""https://fr.wikipedia.org/wiki/Briana_Cuoco"">wikipedia Briana Cuoco</a>"
301,Dawson Fletcher,Justin,2013,2013,1,"<a href=""https://fr.wikipedia.org/wiki/Dawson_Fletcher"">wikipedia Dawson Fletcher</a>"
302,Frank Alvarez,Car,2013,2013,1,"<a href=""https://fr.wikipedia.org/wiki/Frank_Alvarez"">wikipedia Frank Alvarez</a>"
303,Casper Smart,Travis,2014,2014,1,"<a href=""https://fr.wikipedia.org/wiki/Casper_Smart"">wikipedia Casper Smart</a>"
304,Anil Margsahayam,Man,2014,2014,1,"<a href=""https://fr.wikipedia.org/wiki/Anil_Margsahayam"">wikipedia Anil Margsahayam</a>"
305,Rebecca Ann Johnson,Attractive,2015,2015,1,"<a href=""https://fr.wikipedia.org/wiki/Rebecca_Ann_Johnson"">wikipedia Rebecca Ann Johnson</a>"
306,Arshad Aslam,Candidate,2015,2015,1,"<a href=""https://fr.wikipedia.org/wiki/Arshad_Aslam"">wikipedia Arshad Aslam</a>"
307,Mark Maitre,Alien,2015,2015,1,"<a href=""https://fr.wikipedia.org/wiki/Mark_Maitre"">wikipedia Mark Maitre</a>"
308,Katey Sagal,Susan,2016,2016,1,"<a href=""https://fr.wikipedia.org/wiki/Katey_Sagal"">wikipedia Katey Sagal</a>"
309,Adam West,Adam,2016,2016,1,"<a href=""https://fr.wikipedia.org/wiki/Adam_West"">wikipedia Adam West</a>"
310,Bryan Safi,Daniel,2016,2016,1,"<a href=""https://fr.wikipedia.org/wiki/Bryan_Safi"">wikipedia Bryan Safi</a>"
311,Shane Blades,Customer,2016,2016,1,"<a href=""https://fr.wikipedia.org/wiki/Shane_Blades"">wikipedia Shane Blades</a>"
312,George Wyner,Dr.Zane,2017,2017,1,"<a href=""https://fr.wikipedia.org/wiki/George_Wyner"">wikipedia George Wyner</a>"
313,Nicole J. Butler,Clerk,2017,2017,1,"<a href=""https://fr.wikipedia.org/wiki/Nicole_J._Butler"">wikipedia Nicole J. Butler</a>"
314,Joey Rich,Man,2017,2017,1,"<a href=""https://fr.wikipedia.org/wiki/Joey_Rich"">wikipedia Joey Rich</a>"
315,Ciara Renée,Sunny,2018,2018,1,"<a href=""https://fr.wikipedia.org/wiki/Ciara_Renée"">wikipedia Ciara Renée</a>"
316,Megan McGown,Cynthia,2018,2018,1,"<a href=""https://fr.wikipedia.org/wiki/Megan_McGown"">wikipedia Megan McGown</a>"
317,D'Kia Anderson,Hostess,2018,2018,1,"<a href=""https://fr.wikipedia.org/wiki/D'Kia_Anderson"">wikipedia D'Kia Anderson</a>"
318,Kurt Scholler,Judge,2018,2018,1,"<a href=""https://fr.wikipedia.org/wiki/Kurt_Scholler"">wikipedia Kurt Scholler</a>"
319,Matt Knudsen,Waiter,2018,2018,1,"<a href=""https://fr.wikipedia.org/wiki/Matt_Knudsen"">wikipedia Matt Knudsen</a>"
320,Hermie Castillo,Colin,2018,2018,1,"<a href=""https://fr.wikipedia.org/wiki/Hermie_Castillo"">wikipedia Hermie Castillo</a>"
321,Luis Antonio Aldana,Greg,2018,2018,1,"<a href=""https://fr.wikipedia.org/wiki/Luis_Antonio_Aldana"">wikipedia Luis Antonio Aldana</a>"
322,Eric Nenninger,Neil,2019,2019,1,"<a href=""https://fr.wikipedia.org/wiki/Eric_Nenninger"">wikipedia Eric Nenninger</a>"
323,Todd Giebenhain,Mitch,2019,2019,1,"<a href=""https://fr.wikipedia.org/wiki/Todd_Giebenhain"">wikipedia Todd Giebenhain</a>"
324,Joel McCrary,Andy,2019,2019,1,"<a href=""https://fr.wikipedia.org/wiki/Joel_McCrary"">wikipedia Joel McCrary</a>"
325,Hira Ambrosino,Cynthia,2019,2019,1,"<a href=""https://fr.wikipedia.org/wiki/Hira_Ambrosino"">wikipedia Hira Ambrosino</a>"
326,Doreen Calderon,Woman,2019,2019,1,"<a href=""https://fr.wikipedia.org/wiki/Doreen_Calderon"">wikipedia Doreen Calderon</a>"
327,Elijah Isaiah Cook,Terry,2019,2019,1,"<a href=""https://fr.wikipedia.org/wiki/Elijah_Isaiah_Cook"">wikipedia Elijah Isaiah Cook</a>"
328,Shay Ali,Greg,2019,2019,1,"<a href=""https://fr.wikipedia.org/wiki/Shay_Ali"">wikipedia Shay Ali</a>"
329,Sailah Nicol,Halley,2019,2019,1,"<a href=""https://fr.wikipedia.org/wiki/Sailah_Nicol"">wikipedia Sailah Nicol</a>"
330,Endre Hules,Russian,2012,2012,1,"<a href=""https://fr.wikipedia.org/wiki/Endre_Hules"">wikipedia Endre Hules</a>"
331,John Mendoza,Chauffeur,2012,2012,1,"<a href=""https://fr.wikipedia.org/wiki/John_Mendoza"">wikipedia John Mendoza</a>"
332,Rick Gifford,Guy,2013,2013,1,"<a href=""https://fr.wikipedia.org/wiki/Rick_Gifford"">wikipedia Rick Gifford</a>"
333,Kaliko Kauahi,Marta,2014,2014,1,"<a href=""https://fr.wikipedia.org/wiki/Kaliko_Kauahi"">wikipedia Kaliko Kauahi</a>"
334,Tonja Kahlens,Woman,2014,2014,1,"<a href=""https://fr.wikipedia.org/wiki/Tonja_Kahlens"">wikipedia Tonja Kahlens</a>"
335,Tucker Albrizzi,Christopher,2016,2016,1,"<a href=""https://fr.wikipedia.org/wiki/Tucker_Albrizzi"">wikipedia Tucker Albrizzi</a>"
336,Kikéy Castillo,Leslie,2018,2018,1,"<a href=""https://fr.wikipedia.org/wiki/Kikéy_Castillo"">wikipedia Kikéy Castillo</a>"
337,Giovanni Bejarano,Bellman,2018,2018,1,"<a href=""https://fr.wikipedia.org/wiki/Giovanni_Bejarano"">wikipedia Giovanni Bejarano</a>"
338,Seth Coltan,Earl,2018,2018,1,"<a href=""https://fr.wikipedia.org/wiki/Seth_Coltan"">wikipedia Seth Coltan</a>"
339,William Shatner,William,2015,2019,1,"<a href=""https://fr.wikipedia.org/wiki/William_Shatner"">wikipedia William Shatner</a>"
340,Keili Lefkovitz,Brenda,2019,2019,1,"<a href=""https://fr.wikipedia.org/wiki/Keili_Lefkovitz"">wikipedia Keili Lefkovitz</a>"
341,Andre Boyer,Kwame,2019,2019,1,"<a href=""https://fr.wikipedia.org/wiki/Andre_Boyer"">wikipedia Andre Boyer</a>"
342,Minerva García,Linda,2019,2019,1,"<a href=""https://fr.wikipedia.org/wiki/Minerva_García"">wikipedia Minerva García</a>"
343,Sarah J. Eagen,Woman,2019,2019,1,"<a href=""https://fr.wikipedia.org/wiki/Sarah_J._Eagen"">wikipedia Sarah J. Eagen</a>"
344,Hugh Kennedy,Chad,2019,2019,1,"<a href=""https://fr.wikipedia.org/wiki/Hugh_Kennedy"">wikipedia Hugh Kennedy</a>"
345,Nate Ash,Michael,2019,2019,1,"<a href=""https://fr.wikipedia.org/wiki/Nate_Ash"">wikipedia Nate Ash</a>"
346,Robert Noble,Older,2014,2014,1,"<a href=""https://fr.wikipedia.org/wiki/Robert_Noble"">wikipedia Robert Noble</a>"
347,Jack McBrayer,Randall,2016,2016,1,"<a href=""https://fr.wikipedia.org/wiki/Jack_McBrayer"">wikipedia Jack McBrayer</a>"
348,Jareb Dauplaise,Jeff,2016,2016,1,"<a href=""https://fr.wikipedia.org/wiki/Jareb_Dauplaise"">wikipedia Jareb Dauplaise</a>"
349,Andy Taylor Kim,Tour,2018,2018,1,"<a href=""https://fr.wikipedia.org/wiki/Andy_Taylor_Kim"">wikipedia Andy Taylor Kim</a>"
350,Ben Rauch,Darren,2019,2019,1,"<a href=""https://fr.wikipedia.org/wiki/Ben_Rauch"">wikipedia Ben Rauch</a>"
351,Claudia Choi,Woman,2019,2019,1,"<a href=""https://fr.wikipedia.org/wiki/Claudia_Choi"">wikipedia Claudia Choi</a>"
352,Hilda Boulware,Woman,2019,2019,1,"<a href=""https://fr.wikipedia.org/wiki/Hilda_Boulware"">wikipedia Hilda Boulware</a>"
353,Ulf Bjorlin,Announcer,2019,2019,1,"<a href=""https://fr.wikipedia.org/wiki/Ulf_Bjorlin"">wikipedia Ulf Bjorlin</a>"
354,Frances H. Arnold,Frances,2019,2019,1,"<a href=""https://fr.wikipedia.org/wiki/Frances_H._Arnold"">wikipedia Frances H. Arnold</a>"
355,Tiffany Commons,Woman,2019,2019,1,"<a href=""https://fr.wikipedia.org/wiki/Tiffany_Commons"">wikipedia Tiffany Commons</a>"
356,Kip Thorne,Kip,2019,2019,1,"<a href=""https://fr.wikipedia.org/wiki/Kip_Thorne"">wikipedia Kip Thorne</a>"
357,Krishna Smitha,Woman,2019,2019,1,"<a href=""https://fr.wikipedia.org/wiki/Krishna_Smitha"">wikipedia Krishna Smitha</a>"
358,Susan Leslie,Woman,2019,2019,1,"<a href=""https://fr.wikipedia.org/wiki/Susan_Leslie"">wikipedia Susan Leslie</a>"
359,Cassidey Fralin,Woman,2019,2019,1,"<a href=""https://fr.wikipedia.org/wiki/Cassidey_Fralin"">wikipedia Cassidey Fralin</a>"
360,Riley Go,Woman,2019,2019,1,"<a href=""https://fr.wikipedia.org/wiki/Riley_Go"">wikipedia Riley Go</a>"
361,Cleo Fraser,Little,2019,2019,1,"<a href=""https://fr.wikipedia.org/wiki/Cleo_Fraser"">wikipedia Cleo Fraser</a>"
362,Lexie Contursi,Beautiful,2014,2014,1,"<a href=""https://fr.wikipedia.org/wiki/Lexie_Contursi"">wikipedia Lexie Contursi</a>"
363,Dinora Walcott,Reporter,2019,2019,1,"<a href=""https://fr.wikipedia.org/wiki/Dinora_Walcott"">wikipedia Dinora Walcott</a>"
364,Rodney J. Hobbs,Reporter,2019,2019,1,"<a href=""https://fr.wikipedia.org/wiki/Rodney_J._Hobbs"">wikipedia Rodney J. Hobbs</a>"
365,Blair Hickey,Reporter,2019,2019,1,"<a href=""https://fr.wikipedia.org/wiki/Blair_Hickey"">wikipedia Blair Hickey</a>"
366,Owen Thayer,Lonely,2009,2013,7,"<a href=""https://fr.wikipedia.org/wiki/Owen_Thayer"">wikipedia Owen Thayer</a>"
367,Jesse Heiman,Comic,2010,2013,5,"<a href=""https://fr.wikipedia.org/wiki/Jesse_Heiman"">wikipedia Jesse Heiman</a>"
368,Darryl D. Stewart,Cafeteria,2013,2018,3,"<a href=""https://fr.wikipedia.org/wiki/Darryl_D._Stewart"">wikipedia Darryl D. Stewart</a>"
369,Erin Pickett,Cafeteria,2010,2010,2,"<a href=""https://fr.wikipedia.org/wiki/Erin_Pickett"">wikipedia Erin Pickett</a>"
370,Cindera Che,Ballroom,2011,2011,2,"<a href=""https://fr.wikipedia.org/wiki/Cindera_Che"">wikipedia Cindera Che</a>"
371,Rachel Steele,Cafeteria,2013,2013,2,"<a href=""https://fr.wikipedia.org/wiki/Rachel_Steele"">wikipedia Rachel Steele</a>"
372,Linda Harcharic,Reception,2014,2019,2,"<a href=""https://fr.wikipedia.org/wiki/Linda_Harcharic"">wikipedia Linda Harcharic</a>"
373,Richard Par,Comic,2015,2016,2,"<a href=""https://fr.wikipedia.org/wiki/Richard_Par"">wikipedia Richard Par</a>"
374,Amanda Walsh,Katie,2006,2006,1,"<a href=""https://fr.wikipedia.org/wiki/Amanda_Walsh"">wikipedia Amanda Walsh</a>"
375,Iris Bahr,Gilda,2006,2006,1,"<a href=""https://fr.wikipedia.org/wiki/Iris_Bahr"">wikipedia Iris Bahr</a>"
376,Craig Duda,Delivery,2007,2007,1,"<a href=""https://fr.wikipedia.org/wiki/Craig_Duda"">wikipedia Craig Duda</a>"
377,Joel Brooks,Professor,2008,2008,1,"<a href=""https://fr.wikipedia.org/wiki/Joel_Brooks"">wikipedia Joel Brooks</a>"
378,William Ngo,Chinese,2008,2008,1,"<a href=""https://fr.wikipedia.org/wiki/William_Ngo"">wikipedia William Ngo</a>"
379,Alex Strahle,Kid,2008,2008,1,"<a href=""https://fr.wikipedia.org/wiki/Alex_Strahle"">wikipedia Alex Strahle</a>"
380,Matt Barr,Mike,2009,2009,1,"<a href=""https://fr.wikipedia.org/wiki/Matt_Barr"">wikipedia Matt Barr</a>"
381,Lori Anne Shields,Raj's,2009,2009,1,"<a href=""https://fr.wikipedia.org/wiki/Lori_Anne_Shields"">wikipedia Lori Anne Shields</a>"
382,Ren Hanami,Singer,2010,2010,1,"<a href=""https://fr.wikipedia.org/wiki/Ren_Hanami"">wikipedia Ren Hanami</a>"
383,Jade Holden,Girl,2010,2010,1,"<a href=""https://fr.wikipedia.org/wiki/Jade_Holden"">wikipedia Jade Holden</a>"
384,Jannette Bloom,Woman,2010,2010,1,"<a href=""https://fr.wikipedia.org/wiki/Jannette_Bloom"">wikipedia Jannette Bloom</a>"
385,Michael Shawn McCracken,Gorn,2010,2010,1,"<a href=""https://fr.wikipedia.org/wiki/Michael_Shawn_McCracken"">wikipedia Michael Shawn McCracken</a>"
386,Janet Hill,Janet,2010,2010,1,"<a href=""https://fr.wikipedia.org/wiki/Janet_Hill"">wikipedia Janet Hill</a>"
387,Lisa Randall,Extra,2010,2010,1,"<a href=""https://fr.wikipedia.org/wiki/Lisa_Randall"">wikipedia Lisa Randall</a>"
388,Kristen Kimmick,Movie,2010,2010,1,"<a href=""https://fr.wikipedia.org/wiki/Kristen_Kimmick"">wikipedia Kristen Kimmick</a>"
389,Chadney Brewer,Jedi,2010,2010,1,"<a href=""https://fr.wikipedia.org/wiki/Chadney_Brewer"">wikipedia Chadney Brewer</a>"
390,Julie Michaels,Professor,2011,2011,1,"<a href=""https://fr.wikipedia.org/wiki/Julie_Michaels"">wikipedia Julie Michaels</a>"
391,Brent Spiner,Brent,2011,2011,1,"<a href=""https://fr.wikipedia.org/wiki/Brent_Spiner"">wikipedia Brent Spiner</a>"
392,Crystal the Monkey,Ricky,2011,2011,1,"<a href=""https://fr.wikipedia.org/wiki/Crystal_the_Monkey"">wikipedia Crystal the Monkey</a>"
393,Louis Fasanaro,Movie,2011,2011,1,"<a href=""https://fr.wikipedia.org/wiki/Louis_Fasanaro"">wikipedia Louis Fasanaro</a>"
394,Jeff Blum,Waiter,2011,2011,1,"<a href=""https://fr.wikipedia.org/wiki/Jeff_Blum"">wikipedia Jeff Blum</a>"
395,Richard Bernard,Wealthy,2011,2011,1,"<a href=""https://fr.wikipedia.org/wiki/Richard_Bernard"">wikipedia Richard Bernard</a>"
396,Johnny Vinton,Bollywood,2011,2011,1,"<a href=""https://fr.wikipedia.org/wiki/Johnny_Vinton"">wikipedia Johnny Vinton</a>"
397,Drew Annen,Cheesecake,2011,2011,1,"<a href=""https://fr.wikipedia.org/wiki/Drew_Annen"">wikipedia Drew Annen</a>"
398,Leonard Nimoy,Mr.,2012,2015,2,"<a href=""https://fr.wikipedia.org/wiki/Leonard_Nimoy"">wikipedia Leonard Nimoy</a>"
399,Howie Mandel,Howie,2012,2012,1,"<a href=""https://fr.wikipedia.org/wiki/Howie_Mandel"">wikipedia Howie Mandel</a>"
400,Stephane Nicoli,Guy,2012,2012,1,"<a href=""https://fr.wikipedia.org/wiki/Stephane_Nicoli"">wikipedia Stephane Nicoli</a>"
401,Derek Blankenship,Guy,2012,2012,1,"<a href=""https://fr.wikipedia.org/wiki/Derek_Blankenship"">wikipedia Derek Blankenship</a>"
402,Zack Sonnenberg,Bachelor,2012,2012,1,"<a href=""https://fr.wikipedia.org/wiki/Zack_Sonnenberg"">wikipedia Zack Sonnenberg</a>"
403,Ian Reed Kesler,Paramedic,2013,2013,1,"<a href=""https://fr.wikipedia.org/wiki/Ian_Reed_Kesler"">wikipedia Ian Reed Kesler</a>"
404,Seaonna Chanadet,Eye,2013,2013,1,"<a href=""https://fr.wikipedia.org/wiki/Seaonna_Chanadet"">wikipedia Seaonna Chanadet</a>"
405,Chris Smith,Matt,2013,2013,1,"<a href=""https://fr.wikipedia.org/wiki/Chris_Smith"">wikipedia Chris Smith</a>"
406,Meli Alexander,Cheesecake,2013,2013,1,"<a href=""https://fr.wikipedia.org/wiki/Meli_Alexander"">wikipedia Meli Alexander</a>"
407,Paul Michael Bair,Employee,2013,2013,1,"<a href=""https://fr.wikipedia.org/wiki/Paul_Michael_Bair"">wikipedia Paul Michael Bair</a>"
408,Bryan Stamp,Library,2013,2013,1,"<a href=""https://fr.wikipedia.org/wiki/Bryan_Stamp"">wikipedia Bryan Stamp</a>"
409,Tiffany Giddens,Waitress,2013,2013,1,"<a href=""https://fr.wikipedia.org/wiki/Tiffany_Giddens"">wikipedia Tiffany Giddens</a>"
410,Zack Scott,Party,2013,2013,1,"<a href=""https://fr.wikipedia.org/wiki/Zack_Scott"">wikipedia Zack Scott</a>"
411,Franklin J. Sterns,Drunk,2013,2013,1,"<a href=""https://fr.wikipedia.org/wiki/Franklin_J._Sterns"">wikipedia Franklin J. Sterns</a>"
412,Ashley Shewell,Cafeteria,2013,2013,1,"<a href=""https://fr.wikipedia.org/wiki/Ashley_Shewell"">wikipedia Ashley Shewell</a>"
413,Robby the Robot,Robby,2014,2014,1,"<a href=""https://fr.wikipedia.org/wiki/Robby_the_Robot"">wikipedia Robby the Robot</a>"
414,Cici Leah Campbell,Bar,2014,2014,1,"<a href=""https://fr.wikipedia.org/wiki/Cici_Leah_Campbell"">wikipedia Cici Leah Campbell</a>"
415,Adora Soleil Bricher,Mini,2014,2014,1,"<a href=""https://fr.wikipedia.org/wiki/Adora_Soleil_Bricher"">wikipedia Adora Soleil Bricher</a>"
416,Daniel Levitin,Professor,2014,2014,1,"<a href=""https://fr.wikipedia.org/wiki/Daniel_Levitin"">wikipedia Daniel Levitin</a>"
417,Skyler Perry,Comic,2014,2014,1,"<a href=""https://fr.wikipedia.org/wiki/Skyler_Perry"">wikipedia Skyler Perry</a>"
418,Alberto D'Fonseca,Bar,2014,2014,1,"<a href=""https://fr.wikipedia.org/wiki/Alberto_D'Fonseca"">wikipedia Alberto D'Fonseca</a>"
419,Uriah Carr,Cafeteria,2014,2014,1,"<a href=""https://fr.wikipedia.org/wiki/Uriah_Carr"">wikipedia Uriah Carr</a>"
420,Bruce Holman,Airport,2015,2015,1,"<a href=""https://fr.wikipedia.org/wiki/Bruce_Holman"">wikipedia Bruce Holman</a>"
421,Lisbeth Kingsley,Audition,2015,2015,1,"<a href=""https://fr.wikipedia.org/wiki/Lisbeth_Kingsley"">wikipedia Lisbeth Kingsley</a>"
422,Priya Gopalan,Bar,2017,2017,1,"<a href=""https://fr.wikipedia.org/wiki/Priya_Gopalan"">wikipedia Priya Gopalan</a>"
423,Forest Baker,Comic,2017,2017,1,"<a href=""https://fr.wikipedia.org/wiki/Forest_Baker"">wikipedia Forest Baker</a>"
424,Marcello Lanfranchi,Airline,2017,2017,1,"<a href=""https://fr.wikipedia.org/wiki/Marcello_Lanfranchi"">wikipedia Marcello Lanfranchi</a>"
425,Efrain Gomez,Employee,2017,2017,1,"<a href=""https://fr.wikipedia.org/wiki/Efrain_Gomez"">wikipedia Efrain Gomez</a>"
426,Anne Wheaton,Will's,2018,2018,1,"<a href=""https://fr.wikipedia.org/wiki/Anne_Wheaton"">wikipedia Anne Wheaton</a>"
427,Chelsea Hamill,Wedding,2018,2018,1,"<a href=""https://fr.wikipedia.org/wiki/Chelsea_Hamill"">wikipedia Chelsea Hamill</a>"
428,Arne Starr,Dead,2018,2018,1,"<a href=""https://fr.wikipedia.org/wiki/Arne_Starr"">wikipedia Arne Starr</a>"
429,Christopher Baskerville,Restaurant,2018,2018,1,"<a href=""https://fr.wikipedia.org/wiki/Christopher_Baskerville"">wikipedia Christopher Baskerville</a>"
430,Stephen John Williams,Cafe,2018,2018,1,"<a href=""https://fr.wikipedia.org/wiki/Stephen_John_Williams"">wikipedia Stephen John Williams</a>"
431,Jared Broxterman,Male,2018,2018,1,"<a href=""https://fr.wikipedia.org/wiki/Jared_Broxterman"">wikipedia Jared Broxterman</a>"
432,Erika Larsen,Judge,2018,2018,1,"<a href=""https://fr.wikipedia.org/wiki/Erika_Larsen"">wikipedia Erika Larsen</a>"
433,Reginald M. Jernigan Jr.,Assistant,2018,2018,1,"<a href=""https://fr.wikipedia.org/wiki/Reginald_M._Jernigan_Jr."">wikipedia Reginald M. Jernigan Jr.</a>"
434,Louis C. Robins,Tour,2018,2018,1,"<a href=""https://fr.wikipedia.org/wiki/Louis_C._Robins"">wikipedia Louis C. Robins</a>"
435,Gene Hatcher,Guy,2018,2018,1,"<a href=""https://fr.wikipedia.org/wiki/Gene_Hatcher"">wikipedia Gene Hatcher</a>"
436,Kadrolsha Ona Carole,Women,2019,2019,1,"<a href=""https://fr.wikipedia.org/wiki/Kadrolsha_Ona_Carole"">wikipedia Kadrolsha Ona Carole</a>"
437,Chip Chinery,Bob,2019,2019,1,"<a href=""https://fr.wikipedia.org/wiki/Chip_Chinery"">wikipedia Chip Chinery</a>"
438,Major Mike Russell,Prince,2019,2019,1,"<a href=""https://fr.wikipedia.org/wiki/Major_Mike_Russell"">wikipedia Major Mike Russell</a>"
439,Chris Saranec,Tuxedoed,2019,2019,1,"<a href=""https://fr.wikipedia.org/wiki/Chris_Saranec"">wikipedia Chris Saranec</a>"
